Exercise (old name),Description,Name with Link,Movement Type,Pattern,Primary Body Part,Secondary Body Part,Equipment
 Kneeling Ab wheel Rollout,Ab Rollout – Kneeling,https://drive.google.com/file/d/1gw2lJIhZqeLMWzljBi-yDYzlF41VnMQz/view?usp=drivesdk,Isolation,Isolation,Abdominals,,Ab Wheel
 Kneeling landmine anti-rotation,Anti-Rotation Press – Kneeling Landmine,https://drive.google.com/file/d/1Vo3wRKksQH5VKQt1QIxWj8pUGVhzKILY/view?usp=drivesdk,Compound,Accessory,Abdominals,,Barbell + Landmine
 Cable Pallof Press (mid),Anti-Rotation Press – Pallof (Mid Height),https://drive.google.com/file/d/1s1EjON2sxk3klcC-y1GY4hfZhjlA6VPi/view?usp=drivesdk,Isolation,Vertical Pull,Abdominals,,Cables
 Standing landmine anti-rotation,Anti-Rotation Press – Standing Landmine,https://drive.google.com/file/d/1DG2EexgbdR9rY0gEh-EuhGWHegjx6Q64/view?usp=drivesdk,Compound,"None of the provided categories are suitable for ""Standing landmine anti-rotation""",Abdominals,,Barbell + Landmine
""" 45⁰ back extension """,Back Extension – 45 Degree,https://drive.google.com/file/d/1YUkrQDLMw557nJPsjB0Q0TA0w1FKLhWT/view?usp=drivesdk,Compound,Hinge,Back,Hamstrings,Machine
""" 45⁰ back extension (Glute)""",Back Extension – 45 Degree (Glute Emphasis),https://drive.google.com/file/d/1_cxHCieF7KvjDaAnvtCoYas-7Qco5VBb/view?usp=drivesdk,Compound,Hinge,Glutes,Hamstrings,Machine
""" 45⁰ back extension (hamstring)""",Back Extension – 45 Degree (Hamstring Emphasis),https://drive.google.com/file/d/1aBHjG7x_ea4VolHTuTFRr0L7AQzsLk0k/view?usp=drivesdk,Compound,Hinge,Hamstrings,Glutes,Machine
Flat DB bench neutral,Bench Press – Flat Dumbbell (Neutral Grip),https://drive.google.com/file/d/1iwalC3WCbNaQDihJqa7U5lyw_zKPMOqd/view?usp=drivesdk,Compound,Horizontal Push,Chest,Triceps,Dumbbell + Bench
Flat DB bench rotating,Bench Press – Flat Dumbbell (Rotating Grip),https://drive.google.com/file/d/12BgMpvHSuYW70KIx9mtSSFJaEysyt6tM/view?usp=drivesdk,Compound,Horizontal Push,Chest,Triceps,Dumbbell + Bench
Flat DB bench (sp),Bench Press – Flat Dumbbell (Semi-Pronated),https://drive.google.com/file/d/1Bip0ZzGdLfbyeJVhtan6hbPphnpe0B2H/view?usp=drivesdk,Compound,Horizontal Push,Chest,Triceps,Dumbbell + Bench
Flat Foot Barbell Bench Press,Bench Press – Flat Foot Barbell,https://drive.google.com/file/d/1fJAC6ucj0bz6QuUj8tlKzNooMOxgdxrg/view?usp=drivesdk,Compound,Horizontal Push,Chest,Triceps,Barbell + Bench
High incline DB press,Bench Press – High Incline Dumbbell,https://drive.google.com/file/d/112yxpVk-yVbzCCuP5AAuoYvDybL-lh7J/view?usp=drivesdk,Compound,Horizontal Push,Shoulders,Triceps,Dumbbell + Bench
Incline Barbell Bench Press,Bench Press – Incline Barbell,https://drive.google.com/file/d/1D6YmGttqS8Mqkbi5t8Xn-bMiseyEJ4mh/view?usp=drivesdk,Compound,Horizontal Push,Chest,Triceps,Barbell + Bench
Close grip Incline bench press,Bench Press – Incline Barbell (Close Grip),https://drive.google.com/file/d/1L_lmKNXqm0GeSp1Jx1r2eroTYCnxzAmd/view?usp=drivesdk,Compound,Vertical Push,Triceps,Chest,Barbell + Bench
 30⁰ incline db bench neutral,"Bench Press – Incline Dumbbell (30°, Neutral Grip)",https://drive.google.com/file/d/1LiLa2CK2XmJH0bxg1uqesPE89mBykPvH/view?usp=drivesdk,Compound,Horizontal Push,Chest,Triceps,Dumbbell + Bench
 30⁰ Incline DB bench rotating,"Bench Press – Incline Dumbbell (30°, Rotating Grip)",https://drive.google.com/file/d/11urV9fJetdR4_RhuRhQpIOU6aPOtGFzp/view?usp=drivesdk,Compound,Horizontal Push,Chest,Triceps,Dumbbell + Bench
 30⁰ incline db bench semi pro,"Bench Press – Incline Dumbbell (30°, Semi-Pronated Grip)",https://drive.google.com/file/d/1b6ucO3DL881p-_BVXAaISSWg2GaayuKS/view?usp=drivesdk,Compound,Horizontal Push,Chest,Triceps,Dumbbell + Bench
 45⁰ incline db bench neutral,"Bench Press – Incline Dumbbell (45°, Neutral Grip)",https://drive.google.com/file/d/1I2BQ0lwToVFJoXbildTKuMmPDMo83sf8/view?usp=drivesdk,Compound,Horizontal Push,Chest,Triceps,Dumbbell + Bench
 45⁰ incline db bench rotating,"Bench Press – Incline Dumbbell (45°, Rotating Grip)",https://drive.google.com/file/d/1lwD2D-3JPnz7CKJY76i9CBup3qvtxA_g/view?usp=drivesdk,Compound,Horizontal Push,Chest,Triceps,Dumbbell + Bench
 45⁰ incline db bench semi-pronated,"Bench Press – Incline Dumbbell (45°, Semi-Pronated Grip)",https://drive.google.com/file/d/1AWP5PwGAe9sKEFqrgkLvIJhVjoGKftC9/view?usp=drivesdk,Compound,Horizontal Push,Chest,Shoulders,Dumbbell + Bench
Low incline barbell bench press,Bench Press – Low Incline Barbell,https://drive.google.com/file/d/1STmZRdnJJXJVG5OEMeKoUorSd7A1GKMb/view?usp=drivesdk,Compound,Horizontal Push,Chest,Triceps,Barbell + Bench
Low incline db bench neutral,Bench Press – Low Incline Dumbbell (Neutral Grip),https://drive.google.com/file/d/16mJSAdrwU0HQtj45XE-53oK0Y82rQ7C2/view?usp=drivesdk,Compound,Vertical Push,Chest,Triceps,Dumbbell + Bench
Low incline db bench rotating,Bench Press – Low Incline Dumbbell (Rotating Grip),https://drive.google.com/file/d/1gcFI90vpk-Uhyvi8S1-iijn37awMm1wa/view?usp=drivesdk,Compound,Horizontal Push,Chest,Triceps,Dumbbell + Bench
Low Incline DB bench semi-pro,Bench Press – Low Incline Dumbbell (Semi-Pronated),https://drive.google.com/file/d/1rLe-YtggwXOCmviFPZmIdp0SdxgEjTHg/view?usp=drivesdk,Compound,Vertical Push,Chest,Triceps,Dumbbell + Bench
Powerlifting Barbell Bench Press,Bench Press – Powerlifting Barbell,https://drive.google.com/file/d/17UM2ROw0dMR_N3gKGqM05u8_6OguI_wd/view?usp=drivesdk,Compound,Horizontal Push,Chest,Triceps,Barbell + Bench
 Cable Bicep Curl ( Bar),Biceps Curl – Cable (Bar),https://drive.google.com/file/d/1Fuo53PpaO2Kzr_zm3Q6L1OWznDMlDEHl/view?usp=drivesdk,Isolation,Isolation,Biceps,,Cables
 Cable Bicep Curl (dual),Biceps Curl – Cable (Dual Arm),https://drive.google.com/file/d/1mX_9EdJu7O1EuZdic_U6Jnlm1sCNni_B/view?usp=drivesdk,Isolation,"To categorize this movement, I need more information about the exercise. Please provide the specific exercise to categorize it.",Biceps,,Cables
 Cable Bicep Curl (sa),Biceps Curl – Cable (Single Arm),https://drive.google.com/file/d/1bmh2n3_PCHX8xMHI8RZU7Ub1I5mqdtMV/view?usp=drivesdk,Isolation,Isolation,Biceps,,Cables
 Dumbbell bicep curl (mech ds),Biceps Curl – Dumbbell (Mechanical Drop Set),https://drive.google.com/file/d/11A5ZWAASFN66GjTSbN7z-Ltfax43C2nO/view?usp=drivesdk,Isolation,"None of the provided categories apply to ""Isolation"" as a movement type.",Biceps,,Dumbbells
 Dumbbell bicep curl (supinated),Biceps Curl – Dumbbell (Supinated),https://drive.google.com/file/d/1zeJej9qGPmapOPRHVX4h70VaSg2udOtT/view?usp=drivesdk,Isolation,Isolation,Biceps,,Dumbbells
 E-z bar bicep curl,Biceps Curl – EZ-Bar,https://drive.google.com/file/d/1URNsd_DPGFi-BTOuYLMlyHqXdg6scNdT/view?usp=drivesdk,Isolation,None,Biceps,,EZ Bar
 Ez Bar Preacher Curl,Biceps Curl – EZ-Bar Preacher,https://drive.google.com/file/d/11dBF3Me2FfhgO6TyguTdd_eAya7P2V8Q/view?usp=drivesdk,Isolation,Isolation,Biceps,,EZ Bar + Preacher Curl
 Dumbbell hammer curl,Biceps Curl – Hammer Dumbbell,https://drive.google.com/file/d/1-3oePsrie8-g8FeqHuwrtEzl8qjaYYus/view?usp=drivesdk,Isolation,Vertical Pull,Biceps,,Dumbbells
 Dumbbell Hammer Preacher Curl,Biceps Curl – Hammer Preacher Dumbbell,https://drive.google.com/file/d/11_-LsupVnBIvDzujTfsOeqe5a8VAP6Rv/view?usp=drivesdk,Isolation,Vertical Pull,Biceps,,Dumbbells + Preacher Curl
 Machine bicep curl,Biceps Curl – Machine,https://drive.google.com/file/d/1aBGHYAVJM256LnWeUMsZhBqDeIkVCCIo/view?usp=drivesdk,Isolation,Isolation,Biceps,,Machine
 Dumbbell Preacher Curl,Biceps Curl – Preacher Dumbbell,https://drive.google.com/file/d/1CX_COuNrWVWWLEZed5ZVAEY5yOwWZPs-/view?usp=drivesdk,Isolation,Isolation,Biceps,,Dumbbells + Preacher Curl
 Dumbbell zottman curl,Biceps Curl – Zottman Dumbbell,https://drive.google.com/file/d/1Y-nZTPgqNlSOliIGGA3sIHhTXPaa54Ez/view?usp=drivesdk,Isolation,Isolation,Biceps,,Dumbbells
 Seated Calf Raise,Calf Raise – Seated,https://drive.google.com/file/d/1YJIPSK6tpLL7k5sCDEEH-CrneU-WKG1v/view?usp=drivesdk,Isolation,None of the provided categories apply to a Seated Calf Raise,Calves,,Machine
 Standing Calf Raise,Calf Raise – Standing,https://drive.google.com/file/d/1wbgKvEwEP-zBSQ1ZkSNl-Jxu6B-z0R8A/view?usp=drivesdk,Isolation,Isolation,Calves,,Machine
 Standing Calf Raise (sl),Calf Raise – Standing (Single Leg),https://drive.google.com/file/d/10s6VxiJ-xk48q2EG_MUWs1uinsF32eu7/view?usp=drivesdk,Isolation,Isolation,Calves,,Machine
 farmers carry,Carry – Farmer’s,https://drive.google.com/file/d/1Qu18zirGo7pErVn5zp0iQrXATnjyMcXF/view?usp=drivesdk,Compound,Accessory,Carry,Grip,Weights
 kb front rack carry,Carry – Kettlebell Front Rack,https://drive.google.com/file/d/1qs_Q-nh8NgHuUXAGcg53bfQAWEuLFGBn/view?usp=drivesdk,Compound,Squat Quad Dominant,Carry,Abdominals,Kettlebell
 dball carry,Carry – Medicine Ball,https://drive.google.com/file/d/1SgeQ3bcGp90GlflG8HFBAK3t3MjUAuUP/view?usp=drivesdk,Compound,Hinge,Carry,Abdominals,D Ball
 offset kb carry (shoulder),Carry – Offset Kettlebell (Shoulder),https://drive.google.com/file/d/1Ldcm6dWQE0gMh4uWNsU3gi6fqNEipE8x/view?usp=drivesdk,Compound,Vertical Push,Carry,Abdominals,Kettlebell
 oh kb offset carry,Carry – Overhead Offset Kettlebell,https://drive.google.com/file/d/1z5ikgXp6lT8RD0uosKXw7YzFcgTDjgrO/view?usp=drivesdk,Compound,Accessory,Carry,Abdominals,Kettlebell
Suitcase Carry,Carry – Suitcase,https://drive.google.com/file/d/1cL5p9lcwY9I92WOCYCAU9jBfFc1_dRAL/view?usp=drivesdk,Compound,Hinge,Carry,Grip,Weights
 Barbell zercher carry,Carry – Zercher Barbell,https://drive.google.com/file/d/1rPoZxUdkBMWYLN2jYDtOSv6DWgofpRz4/view?usp=drivesdk,Compound,Accessory,Carry,Abdominals,Barbell
Dual cable high fly,Chest Fly – Dual Cable (High),https://drive.google.com/file/d/12KJMa9P4dVj_II6eD8jIA03xA9EtIJmZ/view?usp=drivesdk,Isolation,Isolation,Chest,,Cables
Dual cable kneeling fly,Chest Fly – Dual Cable (Kneeling),https://drive.google.com/file/d/1Z4jxJqrBwh8SYqAw0gf5lMXtTcXerdJp/view?usp=drivesdk,Isolation,Isolation,Chest,,Cables
Dual cable low fly,Chest Fly – Dual Cable (Low),https://drive.google.com/file/d/1oCMhl0gsrpD1ePXl0JWOo7OF_tNp783v/view?usp=drivesdk,Isolation,Isolation,Chest,,Cables
Dual cable mid fly,Chest Fly – Dual Cable (Mid),https://drive.google.com/file/d/1wc8VA_DOwKZ1RgHoqtSWVsnfXfwpAV8V/view?usp=drivesdk,Isolation,Isolation,Chest,,Cables
Machine Chest Fly,Chest Fly – Machine,https://drive.google.com/file/d/17wufxZYMNfYs8U4I9eeBzgaVx05bsT1D/view?usp=drivesdk,Isolation,Isolation,Chest,Shoulders,Machine
 Decline chest press ,Chest Press – Decline,https://drive.google.com/file/d/1Y2H1-DcYyZLV_RHv4bLBJgUioypwQyis/view?usp=drivesdk,Compound,Horizontal push,Chest,Triceps,Machine
Pin loaded chest press (neutral),Chest Press – Pin Loaded (Neutral),https://drive.google.com/file/d/1z0xmLPxNqeUD588yIBr7iaUU4H6v-Oba/view?usp=drivesdk,Compound,Horizontal Push,Chest,Triceps,Machine
 Pin loaded chest press (pronated),Chest Press – Pin Loaded (Pronated),https://drive.google.com/file/d/1RQenWJY3McNRts0MF79Pk_qjJSa4x-BR/view?usp=drivesdk,Compound,Horizontal Push,Chest,Triceps,Machine
 Assisted Chin Up,Chin-Up – Assisted,https://drive.google.com/file/d/1tg4xoWAovSgArfK_aaCR0L2PFm5RZSpb/view?usp=drivesdk,Compound,Vertical Pull,Lats,Biceps,Pull Up Bar
 Assisted Chin Up (neu),Chin-Up – Assisted (Neutral Grip),https://drive.google.com/file/d/1P0Igyz46QlZNHzFC0LRha03RSoYuGAb7/view?usp=drivesdk,Compound,Vertical Pull,Lats,Back,Pull Up Bar
 Chin up (neutral),Chin-Up – Neutral Grip,https://drive.google.com/file/d/1h51w7fH5YKBVhx0R6dS9v-s3ZiHB5l69/view?usp=drivesdk,Compound,Vertical Pull,Lats,Biceps,Pull Up Bar
 Chin up (supinated),Chin-Up – Supinated Grip,https://drive.google.com/file/d/1sWNLuJ6MtY6zqUWrXznIfsmrB2nlEVNf/view?usp=drivesdk,Compound,Vertical Pull,Lats,Biceps,Pull Up Bar
 Hollow body hold,Core Hold – Hollow Body,https://drive.google.com/file/d/13dN0UrJeGhaWNzusJt1REE_FGbjmXYdp/view?usp=drivesdk,Isolation,Isolation,Abdominals,,Bodyweight
 Weighted crunch machine,Crunch – Weighted Machine,https://drive.google.com/file/d/1XdfN8XFhvszWLmJeV371mUDPjIGAZKW2/view?usp=drivesdk,Isolation,Isolation,Abdominals,,Machine
 Alternating dead bug,Dead Bug – Alternating,https://drive.google.com/file/d/1G3pvmFjbN0yoZ5lFpruFj7a7fDxuWOVY/view?usp=drivesdk,Isolation,Isolation,Abdominals,,Bodyweight
 Dead bug hip flexor,Dead Bug – Hip Flexor Emphasis,https://drive.google.com/file/d/16Gpeil70I-ixOzz0bTCuK1DRXj9JZReb/view?usp=drivesdk,Isolation,None of the provided categories directly apply,Abdominals,,Plate
 Dead bug hold,Dead Bug – Isometric Hold,https://drive.google.com/file/d/1WoPfg0ZDASTjYE515ASyFoTOpyzcMrqT/view?usp=drivesdk,Isolation,Vertical Push,Abdominals,,Bodyweight
 conventional deadlift ,Deadlift – Conventional,https://drive.google.com/file/d/1B3yzoXqLIFH7QV7KuxVfhCYKqA1yO4aZ/view?usp=drivesdk,Compound,Hinge,Hamstrings,Glutes,Barbell
 conventional deadlift (paused),Deadlift – Conventional (Paused),https://drive.google.com/file/d/1UFXSwA-z9_iqMIXu-ehbFabQ5yVMvSKl/view?usp=drivesdk,Compound,Hinge,Hamstrings,Glutes,Barbell
 deficit deadlift,Deadlift – Deficit,https://drive.google.com/file/d/1oLKtNcSSfbcpH7yxJXSqQKFuQo7HCP5x/view?usp=drivesdk,Compound,Hinge,Hamstrings,Glutes,Barbell
 paused deficit deadlift,Deadlift – Deficit (Paused),https://drive.google.com/file/d/1nOKFwdlCkrStShed7VVgWWCyLLj_bhnt/view?usp=drivesdk,Compound,Hinge,Hamstrings,Glutes,Barbell
 Kb dl,Deadlift – Kettlebell,https://drive.google.com/file/d/1Uor4sj_F6mAeimK2eLwiM8ye492fyh1l/view?usp=drivesdk,Compound,Hinge,Hamstrings,Glutes,Kettlebell
 Barbell RDL,Deadlift – Romanian (Barbell),https://drive.google.com/file/d/17QkFrrpbXsYfW_8Gpf5EGLX2Q-bnBfGi/view?usp=drivesdk,Compound,Hinge,Hamstrings,Glutes,Barbell
 Db rdl,Deadlift – Romanian Dumbbell,https://drive.google.com/file/d/1IKlXqXBeKsk_tfceYX9Xv2dcfwAGlaJT/view?usp=drivesdk,Compound,Hinge,Glutes,Hamstrings,Dumbbells
 Db rdl 1+1/4,Deadlift – Romanian Dumbbell (1¼ Reps),https://drive.google.com/file/d/14Bgkws1hCcVqt8a5OBejO7fN19Z_YMk_/view?usp=drivesdk,Compound,Hinge,Glutes,Hamstrings,Dumbbells
 snatch grip deadlift,Deadlift – Snatch Grip,https://drive.google.com/file/d/1NkdQ5nd3Pi7jc25HSXckk4JxJzrhDIt6/view?usp=drivesdk,Compound,Hinge,Hamstrings,Glutes,Barbell
 snatch grip deficit deadlift,Deadlift – Snatch Grip (Deficit),https://drive.google.com/file/d/1djobhoonXdj1cH9vsDHHjNfa63rsoDML/view?usp=drivesdk,Compound,Hinge,Hamstrings,Glutes,Barbell
 Snatch grip rdl,Deadlift – Snatch Grip Romanian,https://drive.google.com/file/d/1U_DjUcJQwJsghuqRveIjS2TTkYraqGQL/view?usp=drivesdk,Compound,Hinge,Hamstrings,Glutes,Barbell
 SLDL,Deadlift – Stiff Leg,https://drive.google.com/file/d/1un7-p34ClufCgrh2ABatU3L_eONEVq0f/view?usp=drivesdk,Compound,Hinge,Hamstrings,Glutes,Barbell
 Trap bar dl,Deadlift – Trap Bar,https://drive.google.com/file/d/1zH5Q5mMuKfNbp-DerA2rUyfTBuauKAEs/view?usp=drivesdk,Compound,Hinge,Hamstrings,Glutes,Trap Bar
 Paused deficit trap bar dl,"Deadlift – Trap Bar (Deficit, Paused)",https://drive.google.com/file/d/1vsQG6TgquwOZ2dHvkqkLYbUY0aoqqpvv/view?usp=drivesdk,Compound,Hinge,Hamstrings,Glutes,Trap Bar
 Deficit trap bar dl,Deadlift – Trap Bar (Deficit),https://drive.google.com/file/d/17BycliWyy72gShxqvLW4rW6fUgmUEwrd/view?usp=drivesdk,Compound,Hinge,Hamstrings,Glutes,Trap Bar
 Dips,Dip,https://drive.google.com/file/d/1CRwIVc1M9ngdlFui81PzoTy62ebESOAg/view?usp=drivesdk,Compound,Horizontal Push,Chest,Shoulders,Dip Station
 Assisted dip,Dip – Assisted,https://drive.google.com/file/d/1FZZme1eeBYIs2w1csJmMRklhwNs61BlF/view?usp=drivesdk,Compound,Horizontal Push,Chest,Shoulders,Dip Station
 facepull (low-high),Face Pull – Cable (Low to High),https://drive.google.com/file/d/1oKdOSrgIWMP6GGiHJXImJIuYSQcD1X-e/view?usp=drivesdk,Isolation,Isolation,Upper Back,Shoulders,Cables
 Seated Face Pull (ext rot),Face Pull – Seated Cable (External Rotation),https://drive.google.com/file/d/1d3DhS6TNK-PIg8kN4vdmzbEbQ61jRhja/view?usp=drivesdk,Isolation,Isolation,Shoulders,Upper Back,Cables
 Seated Face Pull (upper back),Face Pull – Seated Cable (Upper Back),https://drive.google.com/file/d/1cgAoBURrRbR-YAOP8QEBvhKvOJsM8xwh/view?usp=drivesdk,Isolation,Isolation,Upper Back,Shoulders,Cables
 Standing Face Pull,Face Pull – Standing,https://drive.google.com/file/d/1EccYlOkOSrgNzAeN1JN0jE4FbksmWogG/view?usp=drivesdk,Isolation,Isolation,Upper Back,,Cables
 Plate Pinch,Grip Hold – Plate Pinch,https://drive.google.com/file/d/1KQP8Zp4wwUKcNa6Q26UjrxgMl2b-6RZ6/view?usp=drivesdk,Isolation,Vertical Pull,Grip,,Plate
 Seated Hip Abduction,Hip Abduction – Seated,https://drive.google.com/file/d/1KpxfYDHmNBLripvp9a-pTwwO5r024fpf/view?usp=drivesdk,Isolation,Isolation,Glutes,,Machine
 Seated Hip Abduction (lean forward),Hip Abduction – Seated (Forward Lean),https://drive.google.com/file/d/1Z5HsAil5YRkmqwjBf3T6GAZxPakgBiVg/view?usp=drivesdk,Isolation,Isolation,Glutes,,Machine
 Machine standing hip abduction,Hip Abduction – Standing Machine,https://drive.google.com/file/d/1LhqE48iv1vuq8NOcpmNVmlboRK8WcwEX/view?usp=drivesdk,Isolation,Isolation,Glutes,,Machine
 Seated Adduction,Hip Adduction – Seated,https://drive.google.com/file/d/1hHiZGaMAFuPJSZJTrf8cauk4HJ92ISmt/view?usp=drivesdk,Isolation,Isolation,Quads,,Machine
 Multi-hip Kickback,Hip Extension – Multi-Hip Kickback,https://drive.google.com/file/d/1FGYbclvRPGR87nyAhUIDL6O8FEm994py/view?usp=drivesdk,Isolation,Isolation,Glutes,,Machine
 Glute Drive,Hip Thrust – Barbell,https://drive.google.com/file/d/13jfPyf7YKLUTOWHrQi3KNfYV0Bb_Ms9M/view?usp=drivesdk,Isolation,Hip Thrust,Glutes,,Machine
 Glute Drive (1+1/4),Hip Thrust – Barbell (1¼ Reps),https://drive.google.com/file/d/1gjtFQYh3FMNfvBiPGITDGxyawZI8kkQT/view?usp=drivesdk,Isolation,Hip Thrust,Glutes,,Machine
 Frog pump,Hip Thrust – Frog Pump,https://drive.google.com/file/d/1THYx0vuTTuD9e7LvpcBoWapxzvx4KwEO/view?usp=drivesdk,Isolation,Hip Thrust,Glutes,,Barbell
 Glute Drive (sl),Hip Thrust – Single-Leg,https://drive.google.com/file/d/1fKZWl3O-56wnzW4MIFkUuvQk0VK2WLqI/view?usp=drivesdk,Isolation,Hip Thrust,Glutes,,Machine
 Glute Drive ( sl e),Hip Thrust – Single-Leg Elevated,https://drive.google.com/file/d/1iXqKxH6_7ocYoVJeOp3hJTyyuGetfvR1/view?usp=drivesdk,Isolation,Hip Thrust,Glutes,,Machine
 Db jump,Jump – Dumbbell,https://drive.google.com/file/d/1khl5O4H4DMK7N1QY4T4r9rV9OPPQaow5/view?usp=drivesdk,Compound,Plyometric,Quads,Glutes,Dumbbells
 Captain's chair knee raise,Knee Raise – Captain’s Chair,https://drive.google.com/file/d/1eazNYwtNiJKZgwZA3aV7KMI8zyly8BN-/view?usp=drivesdk,Isolation,Isolation,Abdominals,,Machine
 Single cable lat prayer,Lat Prayer – Single Arm Cable,https://drive.google.com/file/d/1YJnnbBLvaBwlqzvoScri-VAKsSK2eZKG/view?usp=drivesdk,Compound,Vertical Pull,Lats,Upper Back,Cables
 Cable Pulldown (rope),Lat Pulldown – Cable (Rope),https://drive.google.com/file/d/1QBDsx7MvLAJteJA6qJFLkRg-v6AAIXhW/view?usp=drivesdk,Isolation,Vertical Pull,Triceps,,Cables
 Cable Pulldown (sa),Lat Pulldown – Cable (Single Arm),https://drive.google.com/file/d/13R9WwEPT-KBGhm415cbrsoH2MI3zQUpz/view?usp=drivesdk,Isolation,Isolation,Triceps,,Cables
 LPD Cls Neu,Lat Pulldown – Close Grip Neutral,https://drive.google.com/file/d/1dHdC4UXBMc5vSkYB5pXBhWjCGeqBfiZr/view?usp=drivesdk,Compound,Vertical Pull,Lats,Back,Cables
 1/2 kneeling LPD,Lat Pulldown – Half Kneeling,https://drive.google.com/file/d/1vTnMx0W4j2cfkm9sUHk6cKhK5mOyVtvz/view?usp=drivesdk,Compound,Vertical Pull,Lats,Back,Cables
 MB LPD Cls Neu,Lat Pulldown – Machine (Close Grip Neutral),https://drive.google.com/file/d/1CWmfBjWjcvZu4dTpsoNXCL83SlaP8uDc/view?usp=drivesdk,Compound,Vertical Pull,Lats,Back,Cables
 Mb lpd mid neut,Lat Pulldown – Machine (Mid Grip Neutral),https://drive.google.com/file/d/13WkhTThaC1s1Uv8Fnf_DryWRHGm8Hwgk/view?usp=drivesdk,Compound,Vertical Pull,Lats,Back,Cables
 MB LPD Supinated,Lat Pulldown – Machine (Supinated),https://drive.google.com/file/d/14oNLORF__AOnkqpDaet7Coo94dvvx_sl/view?usp=drivesdk,Compound,Vertical Pull,Lats,Biceps,Cables
 MB LPD Wd-neu,Lat Pulldown – Machine (Wide Grip Neutral),https://drive.google.com/file/d/1l8NiStcCbT0Cb4SL0Ri4KgocbazMXvhE/view?usp=drivesdk,Compound,Vertical Pull,Lats,Back,Cables
 Lpd mid neutral,Lat Pulldown – Mid Grip Neutral,https://drive.google.com/file/d/1m3zWflbSrbd099HcspKCd6_eCjYn4CAK/view?usp=drivesdk,Compound,Vertical Pull,Lats,Back,Cables
 Mid-back lpd pronated,Lat Pulldown – Mid-Back (Pronated),https://drive.google.com/file/d/10UJjPBUUgWKHb49Ju-MmrUfXOubD3RDb/view?usp=drivesdk,Compound,Vertical Pull,Lats,Back,Cables
 Mid-back LPD (w-pro),Lat Pulldown – Mid-Back (Wide Pronated),https://drive.google.com/file/d/1YANi4-L0pmpI_FYzo1BSfPmQhmHA22_D/view?usp=drivesdk,Compound,Vertical Pull,Lats,Upper Back,Cables
 Pin loaded lpd,Lat Pulldown – Pin Loaded,https://drive.google.com/file/d/1z_UYlXdAvkJJCtVpAPLlKumeHrkuuNCQ/view?usp=drivesdk,Compound,Vertical Pull,Lats,Back,Machine
 Plate loaded lat pulldown,Lat Pulldown – Plate Loaded,https://drive.google.com/file/d/1AUC2QdvQeu-xwvIJTtjihok7Pw8vYDLT/view?usp=drivesdk,Compound,Vertical Pull,Lats,Back,Machine
 Plate loaded lat pulldown (single),Lat Pulldown – Plate Loaded (Single Arm),https://drive.google.com/file/d/1SPkDnK-UPJxeSWDcEV8C8abaqFCfoY4A/view?usp=drivesdk,Compound,Vertical Pull,Lats,Back,Machine
 LPD Pronated,Lat Pulldown – Pronated,https://drive.google.com/file/d/1k3oVgyIBXWfyOKBsXS8a-vmAp0vZx10Q/view?usp=drivesdk,Compound,Vertical Pull,Lats,Back,Cables
 LPD Single Arm,Lat Pulldown – Single Arm,https://drive.google.com/file/d/1MehxXTb8Dk7DHGSIW3uuMcP8geILwUbd/view?usp=drivesdk,Compound,Vertical Pull,Lats,Back,Cables
 LPD supinated,Lat Pulldown – Supinated,https://drive.google.com/file/d/1A-D3Rj4lMjCdy1BhptBSXcmWVbfc0nvc/view?usp=drivesdk,Compound,Vertical Pull,Lats,Back,Cables
 LPD wde-neu,Lat Pulldown – Wide Grip Neutral,https://drive.google.com/file/d/1D2pfWOs-6421NLtJAZ-JUEHbt4Qm0Alq/view?usp=drivesdk,Compound,Vertical Pull,Lats,Back,Cables
 Lat Pulldown wide-pronated,Lat Pulldown – Wide Grip Pronated,https://drive.google.com/file/d/1Klul6ZUKI35VYcOeXSd4SjD2aq-x9-TQ/view?usp=drivesdk,Compound,Vertical Pull,Lats,Back,Cables
Bench Supported Lateral Raise,Lateral Raise – Bench Supported,https://drive.google.com/file/d/12LQz6iXB5MPKIz7ZUNYpMSbzgs2teijC/view?usp=drivesdk,Isolation,Vertical Push,Shoulders,,Dumbbell + Bench
 Chest supported db lateral raise,Lateral Raise – Chest Supported Dumbbell,https://drive.google.com/file/d/1_geGHh_nv-QBLouopP7kUa3CXV6OmGoN/view?usp=drivesdk,Isolation,Vertical Push,Shoulders,,Dumbbell + Bench
Chest supported DB lateral raise,Lateral Raise – Chest Supported Dumbbell,https://drive.google.com/file/d/1sDSpqiUDD4L4zc9iTDiejl3X4eaosisN/view?usp=drivesdk,Isolation,Vertical Pull,Shoulders,,Dumbbell + Bench
 DB lateral raise,Lateral Raise – Dumbbell,https://drive.google.com/file/d/1QAlZsuLnI6CuKR5Fe52Pq4GmdCGefDpm/view?usp=drivesdk,Isolation,Isolation,Shoulders,,Dumbbell
Machine lateral raise,Lateral Raise – Machine,https://drive.google.com/file/d/1S2BS_cocyKUz0tvBe-XN0XClH9F11J8G/view?usp=drivesdk,Isolation,Isolation,Shoulders,,Machine
 Lying leg curl,Leg Curl – Lying,https://drive.google.com/file/d/1abSMDX0Vw6yW3uhUfN1Ec7owcz6zps5z/view?usp=drivesdk,Isolation,Knee Flexion (Hamstring),Hamstrings,,Machine
 Alternating lying leg curl (eccentric),"Leg Curl – Lying (Alternating, Eccentric)",https://drive.google.com/file/d/1SgqT_RYDWeC-DLpO6CU-2hJeR6rYNIvE/view?usp=drivesdk,Isolation,Knee Flexion (Hamstring),Hamstrings,,Machine
 Alternating lying leg curl,Leg Curl – Lying (Alternating),https://drive.google.com/file/d/1KHt9D6dyqHZkCW54FI1QJdnw30lm3quq/view?usp=drivesdk,Isolation,Knee Flexion (Hamstring),Hamstrings,,Machine
 Lying leg curl (single),Leg Curl – Lying (Single Leg),https://drive.google.com/file/d/1b1uNCmN2kws3BLkxv4QvaVdvBnHI4nMD/view?usp=drivesdk,Isolation,Knee Flexion (Hamstring),Hamstrings,,Machine
 Seated Leg Curl,Leg Curl – Seated,https://drive.google.com/file/d/1RXqbrdPbNPZI4Zu1fflTrReCi6aeApRG/view?usp=drivesdk,Isolation,Knee Flexion (Hamstring),Hamstrings,,Machine
 Seated Leg Curl (single leg),Leg Curl – Seated (Single Leg),https://drive.google.com/file/d/1cg12dpf-wMhjiOX8yg0d7vnZt2g_KVaL/view?usp=drivesdk,Isolation,Knee Flexion (Hamstring),Hamstrings,,Machine
 Leg ext,Leg Extension,https://drive.google.com/file/d/1kx1pdydpIyEevhVgBbk3dINaCxe-dNxk/view?usp=drivesdk,Isolation,Isolation,Quads,,Machine
 Alt leg ext,Leg Extension – Alternating,https://drive.google.com/file/d/1P4nNsd2BviGVPwEtH3pBEhAq-MecvWzn/view?usp=drivesdk,Isolation,Isolation,Quads,,Machine
 Alt leg ext (eccentric),Leg Extension – Alternating (Eccentric),https://drive.google.com/file/d/1RdSiX8r5C7VQNfUInAskLJPLPzo-a8qk/view?usp=drivesdk,Isolation,Isolation,Quads,,Machine
 Leg Extension (reception),Leg Extension – Rehabilitation,https://drive.google.com/file/d/1xsd5oiaZsw1wDCKMk04-UzWZYt_B2FIH/view?usp=drivesdk,Isolation,Isolation,Quads,,Machine
 Leg ext (single),Leg Extension – Single Leg,https://drive.google.com/file/d/1mPJPTKYD7PXn_zdDZcYPu1X4JBBo42YS/view?usp=drivesdk,Isolation,Isolation,Quads,,Machine
 45⁰ leg press (b),Leg Press – 45 Degree (Bilateral),https://drive.google.com/file/d/1r_6uN0Ukw4t5xPf92rguCV7_tTIBu-K8/view?usp=drivesdk,Compound,Squat Quad Dominant,Quads,Glutes,Machine
 45⁰ leg press ( h w),Leg Press – 45 Degree (High and Wide Stance),https://drive.google.com/file/d/13YaiX9blGTaUzQnWPvrSU02hSjCiJCMo/view?usp=drivesdk,Compound,Squat Hip Dominant,Glutes,Quads,Machine
 45⁰ leg press (h c),Leg Press – 45 Degree (High Close Stance),https://drive.google.com/file/d/1aItkaiA8_WQzXn2L0GzuQK5FNRg_dNFh/view?usp=drivesdk,Compound,Squat Quad Dominant,Quads,Glutes,Machine
 45⁰ leg press (l c),Leg Press – 45 Degree (Low Close Stance),https://drive.google.com/file/d/1gvNhWXBsvR2OH-j8Rk9GQx0_cA_f6OYg/view?usp=drivesdk,Compound,Squat Quad Dominant,Quads,Glutes,Machine
 Horizontal Leg Press,Leg Press – Horizontal,https://drive.google.com/file/d/1sqibQh0Ss1VB0AProQCCJtOtjyy-4ihJ/view?usp=drivesdk,Compound,Squat Hip Dominant,Quads,Glutes,Machine
 Captain's chair leg raise,Leg Raise – Captain’s Chair,https://drive.google.com/file/d/1yx4GtwCzrLg7oQMlcNf2Uig9T4HQEUCJ/view?usp=drivesdk,Isolation,Squat Quad Dominant,Abdominals,,Machine
 Alternating Forward Lunge,Lunge – Forward (Alternating),https://drive.google.com/file/d/14KPaUIVlnvb9BT2UUjIT3b1jKf8Xpnn5/view?usp=drivesdk,Compound,Squat Quad Dominant,Quads,Glutes,Dumbbells
 kb front rack lunge,Lunge – Kettlebell Front Rack,https://drive.google.com/file/d/1oyQm6-E723sdpAK6GTppcwwiZAfcme9g/view?usp=drivesdk,Compound,Squat Quad Dominant,Quads,Glutes,Kettlebell
 Alternating Reverse Lunge,Lunge – Reverse (Alternating),https://drive.google.com/file/d/1iGm4a6dTgMOEhzbNyGJpWFqNPdotdoFl/view?usp=drivesdk,Compound,Squat Quad Dominant,Glutes,Quads,Dumbbells + Box
 Barbell Reverse Lunge (deficit),Lunge – Reverse Barbell (Deficit),https://drive.google.com/file/d/1t5U40B0Sgca_c8LEemCLBsjqQHR55SxD/view?usp=drivesdk,Compound,Squat Hip Dominant,Quads,Glutes,Barbell + Box
 Db alternating reverse lunge (deficit),"Lunge – Reverse Dumbbell (Deficit, Alternating)",https://drive.google.com/file/d/193HsZRC_ISINwUPJqT4sJpD6Lw9PIF09/view?usp=drivesdk,Compound,Squat Quad Dominant,Glutes,Quads,Dumbbells + Box
 Db Reverse lunge (deficit),Lunge – Reverse Dumbbell (Deficit),https://drive.google.com/file/d/1kaqyCyqDEhaYSuXkig0YZEHTDYThLNqB/view?usp=drivesdk,Compound,Squat Hip Dominant,Glutes,Quads,Dumbbell + Box
 Ssb reverse lunge (deficit),Lunge – Reverse Safety Bar (Deficit),https://drive.google.com/file/d/1lEBbMZJuMCn5vgjvty7gqJuQZPIgKGiF/view?usp=drivesdk,Compound,Squat Hip Dominant,Quads,Glutes,Barbell
Barbell Walking Lunge,Lunge – Walking Barbell,https://drive.google.com/file/d/1HnVcMh0DBZlUH9ZO_GylXqzHHXZCcWu3/view?usp=drivesdk,Compound,Squat Quad Dominant,Quads,Glutes,Barbell
 DB walking lunge,Lunge – Walking Dumbbell,https://drive.google.com/file/d/1jh-5j-KXtZ52YSc7xCD4jvgV1vnWDGiZ/view?usp=drivesdk,Compound,Squat Hip Dominant,Quads,Glutes,Dumbbells
Standing Overhead Press (swiss bar),Overhead Press – Swiss Bar,https://drive.google.com/file/d/1HvIIAvZcU039Yd6-ODkKJB4t3ouSrVw0/view?usp=drivesdk,Compound,Vertical Push,Shoulders,Triceps,Swiss Bar
 Plank,Plank,https://drive.google.com/file/d/1MqLGZvUL196n9Zf4xa5ddixdoo2OGv_Z/view?usp=drivesdk,Isolation,None,Abdominals,,Bodyweight
Plate loaded jammer press,Press – Jammer (Plate Loaded),https://drive.google.com/file/d/111UauqzELElHVcriR9Nq9E8MxhaPrQoT/view?usp=drivesdk,Compound,Horizontal Push,Shoulders,Triceps,Machine
 Pull up,Pull-Up,https://drive.google.com/file/d/1EVX9X6C4d0CskGY728N2A5Sr-b1gZ7Wu/view?usp=drivesdk,Compound,Vertical Pull,Lats,Back,Pull Up Bar
 Assisted Pull Up,Pull-Up – Assisted,https://drive.google.com/file/d/1P7tgRppe4_XKt00q7xNYLkc4mxpEWUwB/view?usp=drivesdk,Compound,Vertical Pull,Lats,Back,Pull Up Bar
 Assisted Pull Up (wg-pro),Pull-Up – Assisted (Wide Grip Pronated),https://drive.google.com/file/d/1RCszrKYkQPL-xt1CH0QnD7tLmxiB0FuF/view?usp=drivesdk,Compound,Vertical Pull,Lats,Back,Pull Up Bar
 Pull up (wg),Pull-Up – Wide Grip,https://drive.google.com/file/d/18cFuAS9ul73f9KkiQtNPgtni2izcJaJO/view?usp=drivesdk,Compound,Vertical Pull,Lats,Upper Back,Pull Up Bar
Standing Push Press (barbell),Push Press – Barbell,https://drive.google.com/file/d/1XaB7Oo8fo0N6Y3knq8oTjkiaWFK9B-jK/view?usp=drivesdk,Compound,Vertical Push,Shoulders,Triceps,Barbell
 Chest supported db rear delt fly,Rear Delt Fly – Chest Supported Dumbbell,https://drive.google.com/file/d/15hBZtdFrVzP4vYGVhZbvOV1BUyeICRfP/view?usp=drivesdk,Isolation,Isolation,Upper Back,,Dumbbell + Bench
 Dual cable rear delt fly,Rear Delt Fly – Dual Cable,https://drive.google.com/file/d/1b5Y8ba94WKVa8jNueNY-1K7S4GMXR6cw/view?usp=drivesdk,Isolation,Isolation,Upper Back,,Cables
 Machine rear fly (rd),Rear Delt Fly – Machine (Rear Delt),https://drive.google.com/file/d/1TFvOq5h55TtruQnkbI-mtRrzv6TMf2eQ/view?usp=drivesdk,Isolation,"Please provide more information about the exercise ""Machine rear fly (rd)"" for a more accurate categorization.",Shoulders,Upper Back,Machine
 Machine rear fly (ub),Rear Delt Fly – Machine (Upper Back),https://drive.google.com/file/d/1lc3tw5bi1FpsE86BL7PIhtBVdUdY8RqK/view?usp=drivesdk,Isolation,Isolation,Upper Back,,Machine
 Db seated rear delt fly,Rear Delt Fly – Seated Dumbbell,https://drive.google.com/file/d/1-vonRYQ9bTbCkZsNBafORHIuT-mx41dd/view?usp=drivesdk,Isolation,Isolation,Shoulders,Upper Back,Dumbbell + Bench
 Single cable rear delt fly,Rear Delt Fly – Single Arm Cable,https://drive.google.com/file/d/1hE2cUzrg4Fx7iuTOcLOnL6lJrGZtUQcS/view?usp=drivesdk,Isolation,Isolation,Upper Back,,Cables
 Dual cable reverse fly,Reverse Fly – Dual Cable,https://drive.google.com/file/d/1R3FBTXjYv4ri_QYv8L5ssiUXOLj8VxuD/view?usp=drivesdk,Isolation,Isolation,Upper Back,,Cables
 Kneeling Cable Rotation (low-high),Rotation – Kneeling Cable (Low to High),https://drive.google.com/file/d/1RfjJX2u_MVjuGJAvZ-nJwfY_oKoWnUV3/view?usp=drivesdk,Compound,Accessory,Abdominals,,Cables
 Standing Cable Rotation (high-low),Rotation – Standing Cable (High to Low),https://drive.google.com/file/d/1U-0wRRJklutNyUkOxHbWiwsSo7mFLxjo/view?usp=drivesdk,Compound,Vertical Pull,Abdominals,,Cables
 Cable Standing Rotation (low-high),Rotation – Standing Cable (Low to High),https://drive.google.com/file/d/1Jn-jDkzPqLF9b0kA7egcYad92TtEMAHF/view?usp=drivesdk,Compound,Hinge,Abdominals,,Cables
 Standing Cable Rotation (mid),Rotation – Standing Cable (Mid Height),https://drive.google.com/file/d/1Cv5Jm2vF523fKYRi7We06Vgs7aF8MCRZ/view?usp=drivesdk,Compound,Accessory,Abdominals,,Cables
 Standing landmine rotation,Rotation – Standing Landmine,https://drive.google.com/file/d/1qoG68i07GlfvN53Z7g_yFBSd_7TvWpKL/view?usp=drivesdk,Compound,Accessory,Abdominals,,Barbell + Landmine
 Pronated Barbell Row,Row – Barbell (Pronated),https://drive.google.com/file/d/1gvNColOh49IUz6zBtvZ-ulXvAUhOmyXd/view?usp=drivesdk,Compound,Horizontal Pull,Lats,Upper Back,Barbell
 Supinated Barbell Row,Row – Barbell (Supinated),https://drive.google.com/file/d/167n_j_QmkJbEWb3RqfElPHOhK_LVQslO/view?usp=drivesdk,Compound,Horizontal Pull,Lats,Biceps,Barbell
 Chest spt row (neu),Row – Chest Supported (Neutral Grip),https://drive.google.com/file/d/1Z2sipDE97FQ2B6eqPHe8N7R2Bomk34qI/view?usp=drivesdk,Compound,Horizontal Pull,Lats,Back,Machine
 Chest spt row (pro),Row – Chest Supported (Pronated Grip),https://drive.google.com/file/d/1tVbb_W4OwstPdQ9lJkAit4V2MQO08LmK/view?usp=drivesdk,Compound,Horizontal Pull,Back,Upper Back,Machine
 Chest spt row (single),Row – Chest Supported (Single Arm),https://drive.google.com/file/d/1YtNGKrn2SAGtnKdr3qmo3ZbCuzWBUZPe/view?usp=drivesdk,Compound,Horizontal Pull,Back,Upper Back,Machine
 Chest Supported DB Row (neutral),Row – Chest Supported Dumbbell (Neutral Grip),https://drive.google.com/file/d/1Pw3hpFweVwkrwjjX57jRA2-FHxHxjQAN/view?usp=drivesdk,Compound,Horizontal Pull,Lats,Back,Dumbbell + Bench
 Chest supported DB row (pronated),Row – Chest Supported Dumbbell (Pronated Grip),https://drive.google.com/file/d/1_7iNzcmLNAg0tPGQcZc5OBTmwqTJGnBN/view?usp=drivesdk,Compound,Horizontal Pull,Upper Back,Back,Dumbbell + Bench
 DB row (neutral),Row – Dumbbell (Neutral Grip),https://drive.google.com/file/d/1rYxyjhHcrSwr_tgesVawX5AfgAWyqNVw/view?usp=drivesdk,Compound,Horizontal Pull,Lats,Upper Back,Dumbbell + Bench
 Incline Supported DB row (neutral),Row – Incline Supported Dumbbell (Neutral Grip),https://drive.google.com/file/d/1YY4jXSj49lmCgMCzxTy_oZizi9JAlMMJ/view?usp=drivesdk,Compound,Horizontal Pull,Lats,Back,Dumbbell + Bench
 Landmine row (pronated),Row – Landmine (Pronated Grip),https://drive.google.com/file/d/1dn8UnDH148BcIWbZ38FFwcKJNlJgweeo/view?usp=drivesdk,Compound,Horizontal Pull,Lats,Upper Back,Barbell + Landmine
 Landmine row (supinated),Row – Landmine (Supinated Grip),https://drive.google.com/file/d/1_xyfpu8wU4uy1oHxCSrYxoaG5lKzqIm7/view?usp=drivesdk,Compound,Horizontal Pull,Lats,Back,Barbell + Landmine
 Landmine row (v bar),Row – Landmine (V-Bar),https://drive.google.com/file/d/1kCFUBa82ElNepUzJiBTcliipACuVBgrO/view?usp=drivesdk,Compound,Horizontal Pull,Lats,Upper Back,Barbell + Landmine
 Landmine Meadows Row,Row – Landmine Meadows,https://drive.google.com/file/d/1E5HTj9dJfjNedIE5jQ-q4pUA7-pqnslX/view?usp=drivesdk,Compound,Horizontal Pull,Back,Upper Back,Barbell + Landmine
 Pin loaded chest supported row,Row – Pin Loaded Chest Supported,https://drive.google.com/file/d/1S4UQNuZwgsWvdIM2wiTgUpVlUx2IDSeS/view?usp=drivesdk,Compound,Horizontal Pull,Lats,Back,Machine
 Seated cable row (cls neu),Row – Seated Cable (Close Neutral),https://drive.google.com/file/d/1U6OzK0zyDGjDq1J0OQYTeRwRfr6-SpHN/view?usp=drivesdk,Compound,Horizontal Pull,Back,Biceps,Cables
 Seated cable row (mid neu),Row – Seated Cable (Mid Neutral),https://drive.google.com/file/d/1BrgHOE1NxuWszvRPDpHd1gTaRomatx6u/view?usp=drivesdk,Compound,Horizontal Pull,Back,Biceps,Cables
 Seated cable row (pro),Row – Seated Cable (Pronated),https://drive.google.com/file/d/1LQ-wF3pg_mhSg00_dh0-HnIvi13yLYW9/view?usp=drivesdk,Compound,Horizontal Pull,Back,Upper Back,Cables
 Seated cable row (sup),Row – Seated Cable (Supinated),https://drive.google.com/file/d/1EntVcYA9KdqOuOi7_0EMGW2C65xmK6Zz/view?usp=drivesdk,Compound,Horizontal Pull,Back,Biceps,Cables
 Seated Cable Row (v),Row – Seated Cable (V-Bar),https://drive.google.com/file/d/1YG4OwlD4E16ihzNDry5ezJLFBUsEXXE-/view?usp=drivesdk,Compound,Horizontal Pull,Back,Biceps,Cables
 Seated cable row (wide neu),Row – Seated Cable (Wide Neutral),https://drive.google.com/file/d/1vWrSQSGTbXrySMiz2BSYIZujJibKC86S/view?usp=drivesdk,Compound,Horizontal Pull,Back,Upper Back,Cables
 Single Arm Cable Row,Row – Single Arm Cable,https://drive.google.com/file/d/1jR_oZqKXk_tDGw8CjNgbokZxgbSXsAa8/view?usp=drivesdk,Compound,Horizontal Pull,Back,Upper Back,Cables
 Tripod DB row (neutral),Row – Tripod Dumbbell (Neutral Grip),https://drive.google.com/file/d/13sQFZt4Ew8xhxwtr-pkSVnvf-4J-f8Y_/view?usp=drivesdk,Compound,Horizontal Pull,Lats,Upper Back,Dumbbell + Bench
 Tripod DB row (rotating),Row – Tripod Dumbbell (Rotating Grip),https://drive.google.com/file/d/1ZbdR9JthGxrSJKD8cDG7JIndiWDUKoed/view?usp=drivesdk,Compound,Horizontal Pull,Lats,Upper Back,Dumbbell + Bench
 45⁰ russian twist,Russian Twist – 45 Degree,https://drive.google.com/file/d/1an-MMwJWB4fd3QoBv7284hi3a587Eg85/view?usp=drivesdk,Compound,Accessory,Abdominals,,Machine
 45⁰ russian twist (anti),Russian Twist – 45 Degree (Anti-Rotation),https://drive.google.com/file/d/1AindXFn9rxNmpfyWrQrJ5sHRk0ZhnjuS/view?usp=drivesdk,Compound,Accessory,Abdominals,,Machine
Behind the neck press ,Shoulder Press – Behind the Neck,https://drive.google.com/file/d/1nwisymBdFFHozTzFGCnE86JsebogVh-T/view?usp=drivesdk,Compound,Vertical Push,Shoulders,Upper Back,Barbell
Kneeling landmine shoulder press,Shoulder Press – Kneeling Landmine,https://drive.google.com/file/d/1a-R0-sQb79xzFb7qz4rWivZtzCAG-ImZ/view?usp=drivesdk,Compound,Vertical Push,Shoulders,Triceps,Barbell + Landmine
Pin loaded shoulder press (neutral),Shoulder Press – Pin Loaded (Neutral),https://drive.google.com/file/d/1vPDQvoRPP2_i5DZRjTACxgFXBGoju0O0/view?usp=drivesdk,Compound,Vertical Push,Shoulders,Triceps,Machine
Pin loaded shoulder press (pronated),Shoulder Press – Pin Loaded (Pronated),https://drive.google.com/file/d/1JcAb7lNva8CP-01heqf-Pk8nHUeEyeQR/view?usp=drivesdk,Compound,Vertical Push,Shoulders,Triceps,Machine
Plate loaded shoulder press,Shoulder Press – Plate Loaded,https://drive.google.com/file/d/1mkpdtc7dmcuqRzH1cAAtUwr2UgzDFlb6/view?usp=drivesdk,Compound,Vertical Push,Shoulders,Triceps,Machine
Plate loaded shoulder press (single),Shoulder Press – Plate Loaded (Single Arm),https://drive.google.com/file/d/1eVlnIHiPa9CqmKa8RFpNgGwm9Ft8AUCw/view?usp=drivesdk,Compound,Vertical Push,Shoulders,Triceps,Machine
Standing Shoulder Press (barbell),Shoulder Press – Standing Barbell,https://drive.google.com/file/d/1PsNDyiVIog9prVZb6ecauyYsHS2zyBjr/view?usp=drivesdk,Compound,Vertical Push,Shoulders,Triceps,Barbell
Standing landmine shoulder press,Shoulder Press – Standing Landmine,https://drive.google.com/file/d/1oez6Tx8Hfiha4HLLUh9qyai194w0gCbp/view?usp=drivesdk,Compound,Vertical Push,Shoulders,Triceps,Barbell + Landmine
 Cable Ext Rotation ,Shoulder Rotation – Cable External,https://drive.google.com/file/d/1N7Ib1jH7Vz33Rf-D45MRy4H2dZalfdeh/view?usp=drivesdk,Isolation,Vertical Pull,Shoulders,,Cables
 Cable Int Rotation ,Shoulder Rotation – Cable Internal,https://drive.google.com/file/d/1xOXk5IRo6dmoNeDzbZGE8SOl8Ze0oB-X/view?usp=drivesdk,Isolation,Hinge,Shoulders,,Cables
 Seated db ext rotation,Shoulder Rotation – Seated Dumbbell External,https://drive.google.com/file/d/1Bx6RV2F_SZfDsjh21JiEmP6ROkd1YloQ/view?usp=drivesdk,Isolation,Isolation,Shoulders,,Dumbbells + Bench
 Frog sit up,Sit-Up – Frog,https://drive.google.com/file/d/108kiPjqn5ixDVND7bsY5Mc_tw7NEabM8/view?usp=drivesdk,Isolation,None of the above,Abdominals,,Bodyweight
 Half sit,Sit-Up – Half,https://drive.google.com/file/d/1WNE6Cx1dmHVN5SBwiR59YZjq_ky4MqHy/view?usp=drivesdk,Isolation,Isolation,Abdominals,,Bodyweight
 E-z bar skullcrusher ,Skullcrusher – EZ-Bar,https://drive.google.com/file/d/1YGycuJfUuLiZUxfTdP2SGUi01e4Q1r1o/view?usp=drivesdk,Isolation,Vertical Push,Triceps,,EZ Bar + Bench
 E-z bar skullcrusher (rollback),Skullcrusher – EZ-Bar (Rollback),https://drive.google.com/file/d/1FFSUeOgmxRjeOWrRfveP6_8ko96SV-Mm/view?usp=drivesdk,Isolation,Isolation,Triceps,,EZ Bar + Bench
Sled Pull,Sled Pull,https://drive.google.com/file/d/1xTf3c2qw41GZ-zqYBTGPmRjqbQUx_B0Q/view?usp=drivesdk,Compound,Accessory,Quads,,Sled
Sled Push,Sled Push,https://drive.google.com/file/d/1NAgoCXrhm72MXlB5roau_sUAyNFhCoga/view?usp=drivesdk,Compound,Accessory,Quads,Glutes,Sled
 Bulgarian Split Squat ,Split Squat – Bulgarian,https://drive.google.com/file/d/1qMCpC5rTpUcpe6ujZMnSsV-n3Xbk5Fe5/view?usp=drivesdk,Compound,Squat Quad Dominant,Glutes,Quads,Dumbbell + Bench
 DB Bulgarian split squat (contralateral),Split Squat – Bulgarian Dumbbell (Contralateral),https://drive.google.com/file/d/1_WhW45IvKPjF-w8vJEWD-verkPu1IPEt/view?usp=drivesdk,Compound,Squat Quad Dominant,Glutes,Quads,Dumbbell + Bench
 DB Bulgarian Split Squat (double),Split Squat – Bulgarian Dumbbell (Double),https://drive.google.com/file/d/1VUPXjFFxzLMBdRqT4p4-yjICvXc0XG5c/view?usp=drivesdk,Compound,Squat Quad Dominant,Glutes,Quads,Dumbbell + Bench
 DB split squat (hip),Split Squat – Dumbbell (Hip Bias),https://drive.google.com/file/d/1-e27C5OdETwNlaQ_ZSfOrH-NP1FfY5bM/view?usp=drivesdk,Compound,Squat Hip Dominant,Glutes,Quads,Dumbbell + Box
 Db Split Squat (quad),Split Squat – Dumbbell (Quad Bias),https://drive.google.com/file/d/150HoMobuhzNWW0D8iwxKbi9zm7XG3_ae/view?usp=drivesdk,Compound,Squat Quad Dominant,Quads,Glutes,Dumbbell + Box
 DB FFE Split Squat (hip),Split Squat – Front Foot Elevated Dumbbell (Hip Bias),https://drive.google.com/file/d/1f1WCUFIyxLSsIYPCF-YSSgssexUBRVcQ/view?usp=drivesdk,Compound,Squat Hip Dominant,Glutes,Quads,Dumbbells + Box
 Db FFE Split Squat (quad),Split Squat – Front Foot Elevated Dumbbell (Quad Bias),https://drive.google.com/file/d/123u6aXdfu87Fb1NMYU2-X_dZ2KhJHgNc/view?usp=drivesdk,Compound,Squat Quad Dominant,Quads,Glutes,Dumbbell + Box
Smith Machine Front Foot Elevated Split Squat,Split Squat – Smith Machine Front Foot Elevated,https://drive.google.com/file/d/1k_O7yEt7NY1ROI7K9GO8dXQzYebzTA4u/view?usp=drivesdk,Compound,Squat Hip Dominant,Quads,Glutes,Machine
 High bar back squat,Squat – Back (High Bar),https://drive.google.com/file/d/1jGhvGJGXkPuEGGCB9KqQnsWacFRwGeqQ/view?usp=drivesdk,Compound,Squat Quad Dominant,Quads,Glutes,Barbell
 Low bar back squat,Squat – Back (Low Bar),https://drive.google.com/file/d/1rwDOf6eM9ftkq0i_T213Z-dYStad0ara/view?usp=drivesdk,Compound,Squat Hip Dominant,Glutes,Quads,Barbell
 Barbell cyclist squat,Squat – Barbell Cyclist,https://drive.google.com/file/d/1EnF2VkW7E8DpLF4de7PLlPeutQcebMVQ/view?usp=drivesdk,Compound,Squat Quad Dominant,Quads,Glutes,Barbell
 High Heel Elevated Goblet Squat,Squat – Goblet (High Heel Elevated),https://drive.google.com/file/d/1Q3l69jCNWz-HIplE23Y1Li_x2SRBnp3m/view?usp=drivesdk,Compound,Squat Quad Dominant,Quads,Glutes,Dumbbells
 Low Heel Elevated Goblet Squat,Squat – Goblet (Low Heel Elevated),https://drive.google.com/file/d/1J_mvRn1W0bJ7F5G1wNealj4KitsDkZAB/view?usp=drivesdk,Compound,Squat Quad Dominant,Quads,Glutes,Dumbbells
 Hack squat machine,Squat – Hack Machine,https://drive.google.com/file/d/1pEngLpaE8fYE0SS0Qagc8N5YQrfcJov5/view?usp=drivesdk,Isolation,Squat Quad Dominant,Quads,,Machine
 Hack squat machine (l c),Squat – Hack Machine (Low Close Stance),https://drive.google.com/file/d/1FQzvw9qflRHbAlmK6AgY-0dz2f0V1zhr/view?usp=drivesdk,Isolation,Squat Quad Dominant,Quads,,Machine
 Safety bar squat,Squat – Safety Bar,https://drive.google.com/file/d/1C-D9T39RvLFn1TDbRQ5xWHhe4gYv5iQb/view?usp=drivesdk,Compound,Squat Quad Dominant,Quads,Glutes,Safety Squat Bar
 Dumbbell Tricep Rollback,Triceps Extension – Dumbbell Rollback,https://drive.google.com/file/d/1XkSimQcYXV69ArSReZn-vNP65Snh8CFp/view?usp=drivesdk,Isolation,Please specify which exercise you would like to categorize.,Triceps,,Dumbbells + Bench
 DB lying tricep extension,Triceps Extension – Lying Dumbbell,https://drive.google.com/file/d/1Heh4h7iunAQzfQVo13XWez73zYMCC1ng/view?usp=drivesdk,Isolation,Isolation,Triceps,,Dumbbell + Bench
 Machine tricep extension,Triceps Extension – Machine,https://drive.google.com/file/d/1XncqwSMqfmTbrXKvwIhifQspRf7ez9_s/view?usp=drivesdk,Isolation,Isolation,Triceps,,Machine
 Single cable oh tri ext (rope),"Triceps Extension – Overhead Cable (Single Arm, Rope)",https://drive.google.com/file/d/1xZ70LXlHg6gMaMKzpUTpHTTv4G9uAnln/view?usp=drivesdk,Isolation,Vertical Push,Triceps,,Cables
 Single cable overhead tri ext (v grip),"Triceps Extension – Overhead Cable (Single Arm, V-Grip)",https://drive.google.com/file/d/12-ErW7vkv68ZQFUQDgsEIPBHzWYnpPKV/view?usp=drivesdk,Isolation,Vertical Push,Triceps,,Cables
 Single cable vertical oh tri ext (rope) ,"Triceps Extension – Vertical Overhead Cable (Single Arm, Rope)",https://drive.google.com/file/d/1_Ucfu8aXeov4XPWTo_9go3Ac_MJt1ykc/view?usp=drivesdk,Isolation,Vertical Push,Triceps,,Machine
 Single Cable Tricep Kickback,Triceps Kickback – Single Arm Cable,https://drive.google.com/file/d/12o6NvjLBDdUgp7u-w3qrM-Jk8xNHYytA/view?usp=drivesdk,Isolation,Isolation,Triceps,,Cables
 Cable T-rex pushdown (bar),"Triceps Pushdown – Cable (Bar, T-Rex)",https://drive.google.com/file/d/1reR05gq6mV3_f9ukqaA9Th35l40WXBTv/view?usp=drivesdk,Isolation,Cannot categorize with the given options,Triceps,,Cables
 Cable Tricep Pushdown (bar),Triceps Pushdown – Cable (Bar),https://drive.google.com/file/d/1BYTQ5XnrunDcXvej_Tg9UmIFVbYKK2Uq/view?usp=drivesdk,Isolation,Isolation,Triceps,,Cables
 Cable Pushdown (v bar),Triceps Pushdown – Cable (V-Bar),https://drive.google.com/file/d/1ZEK8I4Ak6TJqdLEOqrHLfn_gLvvsb9s_/view?usp=drivesdk,Isolation,Isolation,Triceps,,Cables
 Chest supported Db y raise,Y-Raise – Chest Supported Dumbbell,https://drive.google.com/file/d/17O_UZuF7W1Fub9wyyf_ntTUzdsgu-eFx/view?usp=drivesdk,Isolation,Isolation,Upper Back,Shoulders,Dumbbell + Bench
 Chest supported stick y raise,Y-Raise – Chest Supported Stick,https://drive.google.com/file/d/1paAFlTIZIwgWA-uOAYbaxHWHxtlZOZJE/view?usp=drivesdk,Isolation,Isolation,Upper Back,Shoulders,Dumbbell + Bench